name,elo
キメツの刃,1712.2642014554788
呪術回線,1445.936643694838
ヒロアカ,1341.7991548496843
